<?xml version="1.0" encoding="utf-8"?>
<component name="flappybird" extends="Scene">
  <script type="text/brightscript" uri="pkg:/components/flappybird.brs" />
  <children>
    <Poster
      id="background"
      uri="https://sthsroku.net/team666/FlappyBird/background.png"
      translation="[-165, 0]"
      width="1920"
      height="1080"
      clippingRect="[750, 0, 750, 1080]"
    />

    <Poster
      id="pillarTop"
      uri="https://sthsroku.net/team666/FlappyBird/pillarTop.png"
      width="150"
      height="450"
      translation="[1390, -10]"
    />

    <Poster
      id="pillarBottom"
      uri="https://sthsroku.net/team666/FlappyBird/pillar.png"
      width="150"
      height="450"
      translation="[1390, 650]"
    />

    <Poster
      id="pillarTopSecond"
      uri="https://sthsroku.net/team666/FlappyBird/pillarTop.png"
      width="150"
      height="450"
      translation="[1790, -10]"
    />

    <Poster
      id="pillarBottomSecond"
      uri="https://sthsroku.net/team666/FlappyBird/pillar.png"
      width="150"
      height="450"
      translation="[1990, 650]"
    />

    <Poster
      id = "blackPosterOne"
      uri = "pkg:/images/black.png"
      width ="585"
      height = "1080"
    />

    <Poster
      id = "blackPosterSecond"
      uri = "pkg:/images/black.png"
      width = "800"
      height = "1080"
      translation = "[1305, 0]"
    />

    <Poster
      id="bird"
      uri="https://sthsroku.net/team666/FlappyBird/bird.png"
      width="200"
      height="200"
      translation="[700, 425]"
    />

    <Poster
      id="title"
      uri="https://sthsroku.net/team666/FlappyBird/FlappyBird.png"
      width="650"
      height="120"
      translation="[635, 150]"
    />

    <Poster
      id="startButton"
      uri="https://sthsroku.net/team666/FlappyBird/Start.png"
      width="400"
      height="133.132"
      translation="[760, 750]"
    />

    <Label
      id="score"
      translation="[760, 0]"
      width="400"
      height="200"
      text="High Score: 00"
      font="font:LargeBoldSystemFont"
      horizAlign="center"
      vertAlign="center"
      color="0xFFFF00FF"
    />

    <!-- <Poster
      id="ground"
      uri="pkg:/images/ground1.png"
      width="750"
      height="100"
      translation="[1920, 1000]"
      /> -->

    <!-- <Poster id="ground"
        opacity="1.0"
        uri="https://sthsroku.net/team666/FlappyBird/ground1.png" />
    <Animation id="scaleAnimation"
          duration="1"
          repeat="true"
          easeFunction="linear" >
        <Vector2DFieldInterpolator id = "myInterp"
        key="[0.0, 0.25, 0.5, 0.75, 1.0]"
        keyValue="[ [0.0, 0.0], [0.25, 0.25], [0.5, 0.5], [0.75, 0.75], [1.0, 1.0]]"
        fieldToInterp="ground.scale" />
    </Animation>
    <Animation id="transAnimation"
          duration="1"
          repeat="true"
          easeFunction="linear" >
        <Vector2DFieldInterpolator id = "myInterp2"
            key="[0.0, 1.0]"
            keyValue="[ [640.0, 320.0], [100.0, 100.0] ]"
        fieldToInterp="ground.translation" />
    </Animation> -->


    <Timer
      id="flappyTimer"
      repeat="true"
      duration="0.1"
    />

    <Timer
      id ="UpTimer"
      repeat="false"
      duration="5"
    />

  </children>
</component>