<?xml version="1.0" encoding="utf-8" ?>
<component name="tictactoe" extends="Scene">
  <script type="text/brightscript" uri="pkg:/components/tictactoe.brs"/>
  <children>
<!-- shows where in the app something is -->
    <Label
    id="gamename"
    text="Tic Tac Toe"
    visible="true"
    translation="[870,100]"
    horizAlign = "center"
    vertAlign = "center"
    />
    <Poster
      id="tictactoe"
      uri="pkg:/images/board.png"
      translation="[560, 160]"
      width="800"
      height="800"
    />
    <!--need to change the translation-->
    <!--the diagonal for this is \-->

<!--need to change the translation-->
<!--the diagonal for this is /\-->
    <!-- this is for every square grid. There are 9 grids, so essentially, 9 buttons. -->
    <Button id="r0c0" text=" "
    iconUri="pkg:/images/square.png"
    focusedIconUri="pkg:/images/cursorX.jpg"
    minWidth="10" maxWidth="10"
    height="10"
    translation="[520, 300]"
    />

    <Button id="r0c1" text=" "
    iconUri="pkg:/images/square.png"
    focusedIconUri="pkg:/images/cursorX.jpg"
    minWidth="10" maxWidth="10"
    height="10"
    translation="[772.67, 300]"/>

    <Button id="r0c2" text=" "
    iconUri="pkg:/images/square.png"
    focusedIconUri="pkg:/images/cursorX.jpg"
    minWidth="10" maxWidth="10"
    height="10"
    translation="[1013.34, 300]"/>

    <Button id="r1c0" text=" "
    iconUri="pkg:/images/square.png"
    focusedIconUri="pkg:/images/cursorX.jpg"
    minWidth="10" maxWidth="10"
    translation="[520, 515.67]"/>

    <Button id="r1c1" text=" "
    iconUri="pkg:/images/square.png"
    focusedIconUri="pkg:/images/X.jpg"
    minWidth="10" maxWidth="10"
    translation="[772.67, 515.67]"/>

    <Button id="r1c2" text=""
    iconUri="pkg:/images/square.png"
    focusedIconUri="pkg:/images/cursorX.jpg"
    minWidth="10" maxWidth="10"
    translation="[1013.34, 515.67]"/>

    <Button id="r2c0" text=""
    iconUri="pkg:/images/square.png"
    focusedIconUri="pkg:/images/cursorX.jpg"
    minWidth="10" maxWidth="10"
    translation="[520, 765.34]"/>

    <Button id="r2c1" text=""
    iconUri="pkg:/images/square.png"
    focusedIconUri="pkg:/images/cursorX.jpg"
    minWidth="10" maxWidth="10"
    translation="[772.67, 765.34]"/>

    <Button id="r2c2" text=""
    iconUri="pkg:/images/square.png"
    focusedIconUri="pkg:/images/cursorX.jpg"
    minWidth="10" maxWidth="10"
    translation="[1013.34, 765.34]"/>

    <Label
    id="playerNotify"
    text="Player X's Turn"
    visible="true"
    translation="[860,1000]"
    horizAlign = "center"
    vertAlign = "center"/>

  </children>
</component>
