<?xml version="1.0" encoding="utf-8" ?>
<component name="tictactoe_scene" extends="Group">
  <script type="text/brightscript" uri="pkg:/components/screen/tictactoe.brs"/>
  <children>
<!-- shows where in the app something is -->
    <Label
    id="gamename"
    text="Tic Tac Toe"
    visible="true"
    translation="[870,100]"
    horizAlign = "center"
    vertAlign = "center"
    />
    <Poster
      id="tictactoe"
      uri="pkg:/images/board.png"
      translation="[560, 160]"
      width="800"
      height="800"
    />
<!-- this is for every square grid. There are 9 grids, so essentially, 9 buttons. -->
    <Button id="r0c0"
    text=""
    textColor="0xff0000ff"
    iconUri="pkg:/images/blank.png"
    focusedTextColor="0xff0000ff"
    focusedIconUri="pkg:/images/square.png"
    focusBitmapUri="pkg:/images/whiteO.jpg"
    minWidth="1"
    maxWidth="1"
    height="1"
    translation="[520, 300]"
    
    />

    <Button id="r0c1"
    text=""
    textColor="0xff0000ff"
    iconUri="pkg:/images/blank.png"
    focusedTextColor="0xff0000ff"
    focusedIconUri="pkg:/images/square.png"
    minWidth="1" maxWidth="1"
    height="1"
    translation="[772.67, 300]"/>

    <Button id="r0c2"
    text=""
    textColor="0xff0000ff"
    iconUri="pkg:/images/blank.png"
    focusedTextColor="0xff0000ff"
    focusedIconUri="pkg:/images/square.png"
    minWidth="1"
    maxWidth="1"
    height="1"
    translation="[1013.34, 300]"/>

    <Button id="r1c0"
    text=""
    textColor="0xff0000ff"
    iconUri="pkg:/images/blank.png"
    focusedTextColor="0xff0000ff"
    focusedIconUri="pkg:/images/square.png"
    minWidth="1"
    maxWidth="1"
    height="1"
    translation="[520, 555.67]"/>

    <Button id="r1c1"
    text=""
    textColor="0xff0000ff"
    iconUri="pkg:/images/blank.png"
    focusedTextColor="0xff0000ff"
    focusedIconUri="pkg:/images/redX.jpg"
    minWidth="1"
    maxWidth="1"
    height="1"
    translation="[772.67, 555.67]"/>

    <Button id="r1c2"
    text=""
    textColor="0xff0000ff"
    iconUri="pkg:/images/blank.png"
    focusedTextColor="0xff0000ff"
    focusedIconUri="pkg:/images/square.png"
    minWidth="1"
    maxWidth="1"
    height="1"
    translation="[1013.34, 555.67]"/>

    <Button id="r2c0"
    text=""
    textColor="0xff0000ff"
    iconUri="pkg:/images/blank.png"
    focusedTextColor="0xff0000ff"
    focusedIconUri="pkg:/images/square.png"
    minWidth="1"
    maxWidth="1"
    height="1"
    translation="[520, 820.34]"/>

    <Button id="r2c1"
    text=""
    textColor="0xff0000ff"
    iconUri="pkg:/images/blank.png"
    focusedTextColor="0xff0000ff"
    focusedIconUri="pkg:/images/square.png"
    minWidth="1"
    maxWidth="1"
    height="1"
    translation="[772.67, 820.34]"/>

    <Button id="r2c2"
    text=""
    textColor="0xff0000ff"
    iconUri="pkg:/images/blank.png"
    focusedTextColor="0xff0000ff"
    focusedIconUri="pkg:/images/square.png"
    minWidth="1"
    maxWidth="1"
    height="1"
    translation="[1013.34, 820.34]"/>

  <Button
    id="Player"
    translation="[25, 700]"
    iconUri="pkg:/images/playervsplayerbig.png"
    focusedIconUri = "pkg:/images/playervsplayer.png"
    minWidth="1"
    maxWidth="1"
    height="1"
  />

  <Button
    id="Easy"
    translation="[25, 700]"
    iconUri="pkg:/images/easy.png"
    focusedIconUri = "pkg:/images/easysmall.png"
    visible="false"
    minWidth="1"
    maxWidth="1"
    height="1"
  />

  <Button
    id="Medium"
    translation="[25, 770]"
    iconUri="pkg:/images/medium.png"
    focusedIconUri = "pkg:/images/mediumsmall.png"
    visible="false"
    minWidth="1"
    maxWidth="1"
    height="1"
  />

  <Button
    id="Hard"
    translation="[25, 840]"
    iconUri="pkg:/images/hard.png"
    focusedIconUri = "pkg:/images/hardsmall.png"
    visible="false"
    minWidth="1"
    maxWidth="1"
    height="1"
  />
  
  <Button
    id="Computer"
    translation="[25, 325]"
    iconUri="pkg:/images/playervscomputerbig.png"
    focusedIconUri="pkg:/images/playervscomputer.png"
    minWidth="1"
    maxWidth="1"
    height="1"
  />

  <Label
    id="playerNotify"
    text="Player X's Turn"
    visible="true"
    color="0x000000ff"
    font="font:MediumBoldSystemFont"
    translation="[860, 1000]"
    height="50"
    horizAlign = "center"
    vertAlign = "center"
  />

  </children>
</component>