<?xml version="1.0" encoding="utf-8" ?>
<component name="tictactoe" extends="Group">
  <script type="text/brightscript" uri="pkg:/components/screen/tictactoe.brs"/>
  <children>
<!-- shows where in the app something is -->
    <Label
    id="gamename"
    text="Tic Tac Toe"
    visible="true"
    translation="[870,100]"
    horizAlign = "center"
    vertAlign = "center"
    />

    <Poster
      id="tictactoe"
      uri="https://sthsroku.net/team666/tictactoe/board.png"
      translation="[560, 160]"
      width="800"
      height="800"
    />

<!-- this is for every redX grid. There are 9 grids, so essentially, 9 buttons. -->
    <Button id="r0c0"
      text=""
      textColor="0xff0000ff"
      iconUri="https://sthsroku.net/team666/tictactoe/blank.png"
      focusedTextColor="0xff0000ff"
      focusedIconUri="https://sthsroku.net/team666/tictactoe/redX.jpg"
      minWidth="1"
      maxWidth="1"
      height="1"
      translation="[520, 300]"
    />

    <Button id="r0c1"
      text=""
      textColor="0xff0000ff"
      iconUri="https://sthsroku.net/team666/tictactoe/blank.png"
      focusedTextColor="0xff0000ff"
      focusedIconUri="https://sthsroku.net/team666/tictactoe/redX.jpg"
      minWidth="1" maxWidth="1"
      height="1"
      translation="[772.67, 300]"
    />

    <Button id="r0c2"
      text=""
      textColor="0xff0000ff"
      iconUri="https://sthsroku.net/team666/tictactoe/blank.png"
      focusedTextColor="0xff0000ff"
      focusedIconUri="https://sthsroku.net/team666/tictactoe/redX.jpg"
      minWidth="1"
      maxWidth="1"
      height="1"
      translation="[1013.34, 300]"
    />

    <Button id="r1c0"
      text=""
      textColor="0xff0000ff"
      iconUri="https://sthsroku.net/team666/tictactoe/blank.png"
      focusedTextColor="0xff0000ff"
      focusedIconUri="https://sthsroku.net/team666/tictactoe/redX.jpg"
      minWidth="1"
      maxWidth="1"
      height="1"
      translation="[520, 555.67]"
    />

    <Button id="r1c1"
      text=""
      textColor="0xff0000ff"
      iconUri="https://sthsroku.net/team666/tictactoe/blank.png"
      focusedTextColor="0xff0000ff"
      focusedIconUri="https://sthsroku.net/team666/tictactoe/redX.jpg"
      minWidth="1"
      maxWidth="1"
      height="1"
      translation="[772.67, 555.67]"
    />

    <Button id="r1c2"
      text=""
      textColor="0xff0000ff"
      iconUri="https://sthsroku.net/team666/tictactoe/blank.png"
      focusedTextColor="0xff0000ff"
      focusedIconUri="https://sthsroku.net/team666/tictactoe/redX.jpg"
      minWidth="1"
      maxWidth="1"
      height="1"
      translation="[1013.34, 555.67]"
    />

    <Button id="r2c0"
      text=""
      textColor="0xff0000ff"
      iconUri="https://sthsroku.net/team666/tictactoe/blank.png"
      focusedTextColor="0xff0000ff"
      focusedIconUri="https://sthsroku.net/team666/tictactoe/redX.jpg"
      minWidth="1"
      maxWidth="1"
      height="1"
      translation="[520, 820.34]"
    />

    <Button id="r2c1"
      text=""
      textColor="0xff0000ff"
      iconUri="https://sthsroku.net/team666/tictactoe/blank.png"
      focusedTextColor="0xff0000ff"
      focusedIconUri="https://sthsroku.net/team666/tictactoe/redX.jpg"
      minWidth="1"
      maxWidth="1"
      height="1"
      translation="[772.67, 820.34]"
    />

    <Button id="r2c2"
      text=""
      textColor="0xff0000ff"
      iconUri="https://sthsroku.net/team666/tictactoe/blank.png"
      focusedTextColor="0xff0000ff"
      focusedIconUri="https://sthsroku.net/team666/tictactoe/redX.jpg"
      minWidth="1"
      maxWidth="1"
      height="1"
      translation="[1013.34, 820.34]"
    />

    <Poster
      id="diagonalWin1"
      uri="https://sthsroku.net/team666/tictactoe/Diagonal1.png"
      visible="false"
      translation="[600, 200]"
      width="700"
      height="700"
    />

    <Poster
      id="diagonalWin2"
      uri="https://sthsroku.net/team666/tictactoe/Diagonal2.png"
      visible="false"
      translation="[600, 200]"
      width="700"
      height="700"
    />

    <Poster
      id="Horizontal_Line_Top"
      uri="https://sthsroku.net/team666/tictactoe/Horizontal_Line.png"
      visible="false"
      translation="[540, -100]"
      width="800"
      height="800"
    />

    <Poster
      id="Horizontal_Line_Middle"
      uri="https://sthsroku.net/team666/tictactoe/Horizontal_Line.png"
      visible="false"
      translation="[540, 175]"
      width="800"
      height="800"
    />

    <Poster
      id="Horizontal_Line_Bottom"
      uri="https://sthsroku.net/team666/tictactoe/Horizontal_Line.png"
      visible="false"
      translation="[540, 400]"
      width="800"
      height="800"
    />

    <Poster
      id="Vertical_Line_Top"
      uri="https://sthsroku.net/team666/tictactoe/Vertical_Line.png"
      visible="false"
      translation="[310, 150]"
      width="800"
      height="800"
    />

    <Poster
      id="Vertical_Line_Middle"
      uri="https://sthsroku.net/team666/tictactoe/Vertical_Line.png"
      visible="false"
      translation="[550, 150]"
      width="800"
      height="800"
    />

    <Poster
      id="Vertical_Line_Bottom"
      uri="https://sthsroku.net/team666/tictactoe/Vertical_Line.png"
      visible="false"
      translation="[800, 150]"
      width="800"
      height="800"
    />

    <Button
    id="Player"
    translation="[25, 700]"
    iconUri="https://sthsroku.net/team666/tictactoe/playervsplayerbig.png"
    focusedIconUri = "https://sthsroku.net/team666/tictactoe/playervsplayer.png"
    minWidth="1"
    maxWidth="1"
    height="1"
  />

  <Button
    id="Easy"
    translation="[25, 700]"
    iconUri="https://sthsroku.net/team666/tictactoe/easy.png"
    focusedIconUri = "https://sthsroku.net/team666/tictactoe/easysmall.png"
    visible="false"
    minWidth="1"
    maxWidth="1"
    height="1"
  />

  <Button
    id="Medium"
    translation="[25, 770]"
    iconUri="https://sthsroku.net/team666/tictactoe/medium.png"
    focusedIconUri = "https://sthsroku.net/team666/tictactoe/mediumsmall.png"
    visible="false"
    minWidth="1"
    maxWidth="1"
    height="1"
  />

  <Button
    id="Hard"
    translation="[25, 840]"
    iconUri = "https://sthsroku.net/team666/tictactoe/hard.png"
    focusedIconUri = "https://sthsroku.net/team666/tictactoe/hardsmall.png"
    visible="false"
    minWidth="1"
    maxWidth="1"
    height="1"
  />

  <Button
    id="Computer"
    translation="[25, 325]"
    iconUri="https://sthsroku.net/team666/tictactoe/playervscomputerbig.png"
    focusedIconUri="https://sthsroku.net/team666/tictactoe/playervscomputer.png"
    minWidth="1"
    maxWidth="1"
    height="1"
  />

    <Label
      id="playerNotify"
      text="Player X's Turn"
      visible="true"
      color="0x000000ff"
      font="font:MediumBoldSystemFont"
      translation="[840, 1000]"
      height="50"
      horizAlign = "center"
      vertAlign = "center"
    />

    <Button
      id = "playAgain"
      text = "Play Again? Press OK"
      focusedIconUri = "https://sthsroku.net/team666/tictactoe/blank.png"
      visible = "false"
      minWidth = "1" maxWidth="1"
      translation = "[1920, 1080]"
    />

  <Poster
    id = "playAgainPoster"
    uri = "https://sthsroku.net/team666/tictactoe/playAgain.png"
    visible = "false"
    width = "400"
    height = "200"
    translation = "[760, 460]"
  />
  </children>
</component>