<component name="ElevensGame" extends="Scene">
    <script type="text/brightscript" uri="pkg:/components/ElevensGame.brs" />

    <children>
        <!-- Background -->
        <Rectangle
            id="background"
            color="0x000000"
            width="1920"
            height="1080" />

        <!-- Card 1 -->
        <Group id="card1Group">
            <Rectangle
                id="card1Background"
                color="0xFFFFFF"
                width="200"
                height="300"
                translation="[100, 100]" />

            <Poster
                id="card1Poster"
                width="200"
                height="300"
                visible="true"
                onVisible="onCard1Visible" />
        </Group>

        <!-- Card 2 -->
        <Group id="card2Group">
            <Rectangle
                id="card2Background"
                color="0xFFFFFF"
                width="200"
                height="300"
                translation="[400, 100]" />

            <Poster
                id="card2Poster"
                width="200"
                height="300"
                visible="true"
                onVisible="onCard2Visible" />
        </Group>

        <!-- Card 3 -->
        <Group id="card3Group">
            <Rectangle
                id="card3Background"
                color="0xFFFFFF"
                width="200"
                height="300"
                translation="[700, 100]" />

            <Poster
                id="card3Poster"
                width="200"
                height="300"
                visible="true"
                onVisible="onCard3Visible" />
        </Group>

        <!-- Card 4 -->
        <Group id="card4Group">
            <Rectangle
                id="card4Background"
                color="0xFFFFFF"
                width="200"
                height="300"
                translation="[100, 400]" />

            <Poster
                id="card4Poster"
                width="200"
                height="300"
                visible="true"
                onVisible="onCard4Visible" />
        </Group>

        <!-- Card 5 -->
        <Group id="card5Group">
            <Rectangle
                id="card5Background"
                color="0xFFFFFF"
                width="200"
                height="300"
                translation="[400, 400]" />

            <Poster
                id="card5Poster"
                width="200"
                height="300"
                visible="true"
                onVisible="onCard5Visible" />
        </Group>

        <!-- Card 6 -->
        <Group id="card6Group">
            <Rectangle
                id="card6Background"
                color="0xFFFFFF"
                width="200"
                height="300"
                translation="[700, 400]" />

            <Poster
                id="card6Poster"
                width="200"
                height="300"
                visible="true"
                onVisible="onCard6Visible" />
        </Group>

        <!-- Card 7 -->
        <Group id="card7Group">
            <Rectangle
                id="card7Background"
                color="0xFFFFFF"
                width="200"
                height="300"
                translation="[100, 700]" />

            <Poster
                id="card7Poster"
                width="200"
                height="300"
                visible="true"
                onVisible="onCard7Visible" />
        </Group>

        <!-- Card 8 -->
        <Group id="card8Group">
            <Rectangle
                id="card8Background"
                color="0xFFFFFF"
                width="200"
                height="300"
                translation="[400, 700]" />

            <Poster
                id="card8Poster"
                width="200"
                height="300"
                visible="true"
                onVisible="onCard8Visible" />
        </Group>

        <!-- Card 9 -->
        <Group id="card9Group">
            <Rectangle
                id="card9Background"
                color="0xFFFFFF"
                width="200"
                height="300"
                translation="[700, 700]" />

            <Poster
                id="card9Poster"
                width="200"
                height="300"
                visible="true"
                onVisible="onCard9Visible" />
        </Group>

    </children>
</component>
