<?xml version="1.0" encoding="utf-8"?>
<component name="ElevensGame" extends="Scene">
    <script type="text/brightscript" uri="pkg:/components/ElevensGame.brs" />
    <children>
        <grid id="gameGrid" numRows="3" numColumns="3">
            <group id="cardGroup" layoutDirection="horizontal" translation="[100, 100]">
                <image id="card0" width="100" height="150" visible="false" />
                <image id="card1" width="100" height="150" visible="false" />
                <image id="card2" width="100" height="150" visible="false" />
                <image id="card3" width="100" height="150" visible="false" />
                <image id="card4" width="100" height="150" visible="false" />
                <image id="card5" width="100" height="150" visible="false" />
                <image id="card6" width="100" height="150" visible="false" />
                <image id="card7" width="100" height="150" visible="false" />
                <image id="card8" width="100" height="150" visible="false" />
            </group>
        </grid>
    </children>
</component>
