<?xml version="1.0" encoding="utf-8" ?>
<component name="tictactoe" extends="Scene">
  <script type="text/brightscript" uri="pkg:/components/screen/tictactoe.brs"/>
  <children>
<!-- shows where in the app something is -->
    <Label
    id="gamename"
    text="Tic Tac Toe"
    visible="true"
    translation="[870,100]"
    horizAlign = "center"
    vertAlign = "center"
    />
 <Poster
      id="tictactoe"
      uri="pkg:/images/board.png"
      translation="[560, 160]"
      width="800"
      height="800"
    />
<!-- this is for every square grid. There are 9 grids, so essentially, 9 buttons. -->
    <Button id="r0c0"
    text=""
    textColor="0xff0000ff"
    iconUri="pkg:/images/blank.png"
    focusedTextColor="0xff0000ff"
    focusedIconUri="pkg:/images/square.png"
    focusBitmapUri="pkg:/images/whiteO.png"
    focusFootprintBitmapUri="whiteO.png"
    minWidth="1"
    maxWidth="1"
    height="1"
    translation="[520, 300]"
    showFocusedFootprint = "true"
    />

    <Button id="r0c1"
    text=""
    textColor="0xff0000ff"
    iconUri="pkg:/images/blank.png"
    focusedTextColor="0xff0000ff"
    focusedIconUri="pkg:/images/square.png"
    minWidth="1" maxWidth="1"
    height="1"
    translation="[772.67, 300]"/>

    <Button id="r0c2"
    text=""
    textColor="0xff0000ff"
    iconUri="pkg:/images/blank.png"
    focusedTextColor="0xff0000ff"
    focusedIconUri="pkg:/images/square.png"
    minWidth="1"
    maxWidth="1"
    height="1"
    translation="[1013.34, 300]"/>

    <Button id="r1c0"
    text=""
    textColor="0xff0000ff"
    iconUri="pkg:/images/blank.png"
    focusedTextColor="0xff0000ff"
    focusedIconUri="pkg:/images/square.png"
    minWidth="1"
    maxWidth="1"
    height="1"
    translation="[520, 555.67]"/>

    <Button id="r1c1"
    text=""
    textColor="0xff0000ff"
    iconUri="pkg:/images/blank.png"
    focusedTextColor="0xff0000ff"
    focusedIconUri="pkg:/images/redX.jpg"
    minWidth="1"
    maxWidth="1"
    height="1"
    translation="[772.67, 555.67]"/>

    <Button id="r1c2"
    text=""
    textColor="0xff0000ff"
    iconUri="pkg:/images/blank.png"
    focusedTextColor="0xff0000ff"
    focusedIconUri="pkg:/images/square.png"
    minWidth="1"
    maxWidth="1"
    height="1"
    translation="[1013.34, 555.67]"/>

    <Button id="r2c0"
    text=""
    textColor="0xff0000ff"
    iconUri="pkg:/images/blank.png"
    focusedTextColor="0xff0000ff"
    focusedIconUri="pkg:/images/square.png"
    minWidth="1"
    maxWidth="1"
    height="1"
    translation="[520, 820.34]"/>

    <Button id="r2c1"
    text=""
    textColor="0xff0000ff"
    iconUri="pkg:/images/blank.png"
    focusedTextColor="0xff0000ff"
    focusedIconUri="pkg:/images/square.png"
    minWidth="1"
    maxWidth="1"
    height="1"
    translation="[772.67, 820.34]"/>

    <Button id="r2c2"
    text=""
    textColor="0xff0000ff"
    iconUri="pkg:/images/blank.png"
    focusedTextColor="0xff0000ff"
    focusedIconUri="pkg:/images/square.png"
    minWidth="1"
    maxWidth="1"
    height="1"
    translation="[1013.34, 820.34]"/>

    <Label
    id="playerNotify"
    text="Player X's Turn"
    visible="true"
    color="0x000000ff"
    font="font:MediumBoldSystemFont"
    translation="[860, 1000]"
    height="50"
    horizAlign = "center"
    vertAlign = "center"
    />

  </children>
</component>